Name,Password,Age,Gender,Salary
Jorge,Arboles000,39,M,1588171
Andrés,Arboles000,58,M,3772093
Juan,Arboles000,40,H,1164738
Andrés,Arboles000,43,M,4843336
Jorge,Arboles000,23,H,3960272
Andrés,Admin123,37,H,2211424
Jorge,Admin123,50,H,2266160
Jorge,Admin123,57,H,1658689
Jorge,Admin123,22,H,4897391
Sara,Admin123,56,M,2358811
Sara,Arboles000,19,M,3589992
Jorge,Admin123,33,H,3316017
Juan,Admin123,25,H,1406279
Sara,Arboles000,33,H,1277359
Andrés,Arboles000,21,H,3893215
Juan,Arboles000,45,H,4559005
Sara,Arboles000,18,M,1784798
Jorge,Admin123,39,M,2491314
Jorge,Arboles000,18,H,3894098
Jorge,Admin123,21,M,4496114
Juan,Arboles000,62,H,4488210
Juan,Admin123,32,H,4168711
Juan,Admin123,20,M,4981379
Andrés,Admin123,41,H,1709219
Sara,Arboles000,41,M,4390730
Juan,Admin123,36,M,4543314
Jorge,Admin123,46,M,2172094
Jorge,Arboles000,61,H,1917776
Jorge,Admin123,57,H,3168354
Jorge,Arboles000,33,M,3976652
Andrés,Admin123,27,H,4670341
Jorge,Admin123,37,M,3378857
Sara,Arboles000,32,M,3095455
Sara,Admin123,52,M,4102380
Andrés,Arboles000,43,H,1427423
Andrés,Arboles000,51,H,2512568
Juan,Arboles000,22,M,3626427
Jorge,Arboles000,18,H,3777170
Juan,Arboles000,38,H,2546726
Sara,Admin123,60,M,2226726
Sara,Admin123,61,M,2946499
Jorge,Admin123,27,H,1816914
Andrés,Arboles000,60,H,1278095
Sara,Arboles000,44,M,1456776
Juan,Admin123,25,M,2753938
Juan,Admin123,28,M,3906002
Andrés,Admin123,58,H,2891430
Jorge,Admin123,54,M,1966003
Andrés,Admin123,58,M,2715587
Juan,Arboles000,26,M,1510065
Juan,Arboles000,58,M,2618512
Jorge,Admin123,52,H,4932739
Juan,Admin123,18,M,3006283
Andrés,Admin123,49,M,1252618
Sara,Admin123,22,M,1971473
Juan,Admin123,31,H,2144954
Jorge,Arboles000,31,H,4114509
Jorge,Arboles000,37,H,2079226
Jorge,Admin123,46,M,1528893
Andrés,Arboles000,36,H,3780388
Sara,Admin123,26,H,3357109
Sara,Arboles000,37,H,4873904
Andrés,Arboles000,54,H,1416232
Andrés,Arboles000,34,H,1655739
Juan,Arboles000,49,M,4061950
Jorge,Admin123,58,H,1268799
Juan,Admin123,21,M,4211878
Sara,Arboles000,46,H,2108122
Jorge,Admin123,44,M,1739024
Jorge,Arboles000,45,M,1896748
Andrés,Admin123,23,M,3193975
Juan,Admin123,25,H,2437211
Andrés,Arboles000,44,M,4534300
Andrés,Arboles000,32,H,2792674
Andrés,Arboles000,41,H,3613180
Juan,Arboles000,31,H,3738436
Sara,Admin123,53,H,2222195
Sara,Arboles000,19,H,4738947
Jorge,Admin123,33,M,1653380
Andrés,Arboles000,37,H,2053941
Juan,Admin123,41,H,1825595
Jorge,Arboles000,38,H,1284977
Juan,Admin123,27,H,4369116
Juan,Arboles000,45,M,4790791
Sara,Admin123,39,M,4395608
Sara,Admin123,57,H,2267802
Sara,Arboles000,54,M,1656638
Jorge,Arboles000,37,H,4957603
Sara,Arboles000,48,M,4948038
Andrés,Arboles000,52,M,4081465
Jorge,Admin123,62,M,4604327
Sara,Admin123,44,H,2097428
Juan,Arboles000,43,M,3372616
Jorge,Admin123,22,M,4319162
Jorge,Arboles000,31,M,3486418
Jorge,Admin123,46,M,4012303
Jorge,Admin123,22,M,2438668
Sara,Admin123,27,H,4351818
Sara,Admin123,24,M,4991881
Juan,Admin123,52,H,2777166
Jorge,Admin123,23,M,3677804
Jorge,Admin123,36,M,3365772
Jorge,Admin123,53,M,1447166
Andrés,Arboles000,48,H,4882458
Sara,Admin123,23,H,2390278
Sara,Arboles000,29,M,2257917
Juan,Admin123,49,H,2011024
Juan,Arboles000,47,H,3344728
Andrés,Admin123,47,H,3790820
Andrés,Admin123,46,M,3016140
Juan,Arboles000,61,H,4232362
Juan,Admin123,45,H,4031246
Sara,Arboles000,27,M,2838027
Sara,Admin123,33,H,2093408
Andrés,Arboles000,20,H,4261150
Juan,Arboles000,18,M,2640188
Jorge,Admin123,42,M,2364144
Andrés,Admin123,54,H,2632707
Sara,Arboles000,52,M,3239667
Jorge,Arboles000,46,H,3715808
Jorge,Admin123,34,M,1426936
Jorge,Arboles000,33,H,4641383
Andrés,Admin123,53,H,4427613
Juan,Admin123,18,H,4533865
Juan,Arboles000,32,M,4501263
Andrés,Admin123,30,H,2159111
Andrés,Arboles000,18,M,4560335
Sara,Admin123,50,H,1173862
Jorge,Admin123,36,M,2284938
Andrés,Arboles000,47,M,2858119
Juan,Admin123,61,M,4674596
Juan,Arboles000,28,H,2782534
Andrés,Admin123,24,M,4322617
Jorge,Arboles000,49,M,1494417
Juan,Arboles000,36,H,4952868
Jorge,Admin123,39,H,3158998
Andrés,Arboles000,25,H,4964002
Sara,Arboles000,29,M,1978642
Juan,Arboles000,59,H,3912420
Juan,Arboles000,39,M,1416600
Jorge,Admin123,54,H,2246950
Sara,Admin123,45,M,4662633
Jorge,Admin123,39,H,3362680
Andrés,Admin123,29,H,2485163
Juan,Arboles000,22,H,3241025
Andrés,Arboles000,56,M,3232761
Juan,Admin123,51,H,2525700
Jorge,Admin123,26,M,1468373
Juan,Arboles000,38,M,3314788
Juan,Arboles000,38,H,3662722
Sara,Admin123,50,H,4283005
Jorge,Admin123,35,M,2098631
Andrés,Arboles000,23,H,3874524
Juan,Admin123,52,M,3119278
Sara,Arboles000,43,H,3018423
Sara,Admin123,39,M,4591017
Juan,Arboles000,55,H,2385926
Andrés,Admin123,57,H,3881276
Juan,Arboles000,54,M,4512215
Juan,Admin123,33,M,4483153
Andrés,Admin123,31,M,2016817
Juan,Admin123,59,M,4530883
Jorge,Admin123,24,H,2847249
Sara,Arboles000,41,M,4130786
Sara,Admin123,53,H,3375964
Sara,Admin123,51,M,2186548
Juan,Admin123,51,H,2515094
Sara,Arboles000,47,M,2308837
Jorge,Admin123,58,H,4969287
Sara,Arboles000,32,M,4267689
Juan,Admin123,60,M,2484496
Jorge,Arboles000,33,H,2956603
Jorge,Admin123,20,H,4868094
Juan,Admin123,24,H,3617990
Juan,Admin123,57,H,4152705
Sara,Arboles000,47,M,2685676
Sara,Arboles000,34,M,3565900
Sara,Admin123,23,H,4643726
Andrés,Arboles000,40,M,1734203
Andrés,Arboles000,46,H,4944107
Andrés,Admin123,41,M,2458722
Andrés,Admin123,26,H,1248640
Andrés,Admin123,31,M,1220909
Andrés,Arboles000,40,H,2822534
Sara,Arboles000,30,M,1857770
Sara,Arboles000,54,H,1514728
Juan,Admin123,49,M,2685534
Andrés,Admin123,49,M,3009356
Juan,Admin123,54,M,3261649
Juan,Arboles000,49,M,1397394
Jorge,Admin123,37,H,1865105
Andrés,Arboles000,41,M,3120019
Jorge,Admin123,34,M,1409822
Jorge,Arboles000,43,H,2917759
Jorge,Admin123,33,H,3490488
Juan,Admin123,49,M,1875911
Juan,Admin123,54,M,3998108
Andrés,Arboles000,19,M,4039513
Juan,Admin123,33,M,2605266
Sara,Arboles000,35,H,2694255
Juan,Arboles000,62,H,2014016
Sara,Admin123,50,H,4862718
Juan,Arboles000,37,H,2579536
Juan,Admin123,28,H,1386953
Jorge,Admin123,45,M,4296522
Juan,Admin123,57,H,2381807
Jorge,Admin123,62,H,2805137
Andrés,Arboles000,47,M,4092277
Sara,Admin123,31,M,3296866
Juan,Admin123,45,M,4735876
Sara,Admin123,60,H,2711369
Sara,Arboles000,32,H,1366850
Jorge,Arboles000,60,M,1363513
Juan,Admin123,40,H,3524337
Sara,Arboles000,36,M,2368162
Jorge,Arboles000,40,M,2776199
Andrés,Arboles000,23,M,2757898
Jorge,Admin123,48,M,2093713
Jorge,Arboles000,53,M,3445581
Sara,Admin123,34,M,1723522
Juan,Admin123,20,M,4919545
Juan,Admin123,41,H,3259434
Jorge,Admin123,50,M,2288941
Juan,Arboles000,19,H,4120488
Andrés,Arboles000,49,H,4516045
Sara,Admin123,28,H,4704096
Jorge,Arboles000,54,H,4561709
Juan,Arboles000,37,H,1525370
Juan,Admin123,29,H,1659128
Jorge,Arboles000,20,H,2357414
Andrés,Arboles000,52,M,1686990
Andrés,Arboles000,37,M,2418731
Juan,Arboles000,59,H,4764325
Juan,Arboles000,50,H,2831844
Juan,Admin123,32,H,2594325
Juan,Arboles000,30,M,2786398
Sara,Arboles000,55,H,4651845
Sara,Arboles000,22,M,1378035
Jorge,Arboles000,59,M,3731207
Jorge,Arboles000,31,H,1284603
Andrés,Arboles000,26,M,3157523
Sara,Arboles000,28,H,3969438
Jorge,Arboles000,19,M,2092125
Sara,Arboles000,35,H,1668920
Sara,Arboles000,25,H,3365301
Juan,Arboles000,38,H,2565072
Andrés,Admin123,55,M,4165820
Jorge,Arboles000,37,M,4892686
Juan,Arboles000,29,M,4527929
Juan,Admin123,50,H,4510391
Andrés,Arboles000,25,M,4660485
Sara,Admin123,19,H,1623088
Andrés,Arboles000,50,H,3781650
Jorge,Admin123,34,M,3039112
Andrés,Arboles000,39,H,2939092
Jorge,Admin123,50,H,1260247
Sara,Admin123,27,M,2159070
Juan,Admin123,54,M,1586517
Juan,Admin123,49,H,2215370
Andrés,Admin123,60,H,3440529
Jorge,Admin123,29,M,2590840
Juan,Arboles000,47,M,3346943
Jorge,Admin123,51,H,1547494
Juan,Admin123,54,H,2124728
Juan,Arboles000,58,M,3754199
Jorge,Admin123,29,H,4552629
Jorge,Arboles000,43,H,3554522
Juan,Arboles000,25,H,2042240
Jorge,Admin123,24,M,4317638
Juan,Arboles000,50,M,2330697
Jorge,Admin123,47,H,1166486
Jorge,Admin123,32,M,2459893
Andrés,Admin123,53,H,2806924
Juan,Admin123,60,H,3214703
Jorge,Admin123,60,H,2613266
Sara,Admin123,31,M,3128339
Jorge,Arboles000,59,M,4612475
Juan,Admin123,52,H,1719663
Andrés,Admin123,22,H,1209513
Juan,Admin123,28,M,1304715
Juan,Arboles000,46,H,1405979
Juan,Admin123,44,M,3692140
Sara,Admin123,62,H,3637391
Juan,Arboles000,54,H,3221075
Juan,Admin123,62,H,1923214
Sara,Admin123,38,H,3761238
Juan,Admin123,54,M,1763482
Juan,Admin123,44,M,4934158
Sara,Arboles000,54,M,2194848
Andrés,Arboles000,57,M,4590608
Sara,Admin123,48,H,4136179
Jorge,Admin123,31,M,3678945
Jorge,Arboles000,26,H,3712950
Jorge,Admin123,38,H,2556520
Jorge,Admin123,58,H,1296425
Andrés,Arboles000,24,M,4535545
Jorge,Arboles000,40,M,1220355
Andrés,Admin123,30,H,4400230
Jorge,Admin123,30,H,1990218
Jorge,Arboles000,20,H,4832139
Juan,Arboles000,49,H,3821893
Jorge,Admin123,32,H,3199887
Andrés,Admin123,24,H,4968097
Andrés,Admin123,49,M,2635299
Juan,Arboles000,60,H,1162310
Jorge,Arboles000,54,M,4757595
Juan,Arboles000,55,M,4838685
Jorge,Arboles000,22,M,4899521
Juan,Arboles000,62,H,3278336
Juan,Arboles000,32,H,2897310
Andrés,Admin123,54,H,3898007
Jorge,Arboles000,44,M,3750692
Juan,Admin123,25,H,1857558
Juan,Admin123,48,M,2494132
Juan,Arboles000,23,H,3400780
Sara,Admin123,41,H,3432224
Sara,Arboles000,20,H,3210293
Sara,Arboles000,32,H,4037495
Andrés,Admin123,38,M,2748695
Sara,Arboles000,57,M,4511616
Andrés,Admin123,57,M,3513969
Juan,Arboles000,46,M,3179701
Sara,Admin123,48,H,1786533
Andrés,Arboles000,50,H,2659126
Andrés,Arboles000,51,H,3497334
Sara,Arboles000,43,M,2820876
Sara,Arboles000,32,H,2395791
Andrés,Arboles000,25,M,3310403
Juan,Admin123,33,H,3022906
Sara,Admin123,38,H,4237964
Jorge,Arboles000,44,H,3008009
Sara,Arboles000,45,H,2477547
Andrés,Arboles000,41,H,2275369
Juan,Admin123,55,M,1367336
Andrés,Arboles000,31,H,2089713
Juan,Admin123,47,M,3588643
Andrés,Arboles000,59,M,4269693
Andrés,Admin123,29,H,2639666
Juan,Admin123,45,H,2651756
Jorge,Arboles000,61,M,4196689
Sara,Arboles000,39,M,3398184
Juan,Arboles000,52,H,2538503
Andrés,Admin123,56,M,2562538
Andrés,Arboles000,35,H,4020691
Sara,Arboles000,59,H,3989593
Andrés,Admin123,40,H,2466071
Juan,Arboles000,45,M,4859253
Sara,Arboles000,57,H,4191621
Jorge,Arboles000,23,H,4215260
Andrés,Arboles000,26,H,3321197
Jorge,Admin123,54,M,4433361
Andrés,Admin123,33,M,2861834
Jorge,Admin123,42,M,2701107
Juan,Arboles000,35,M,3661494
Juan,Admin123,49,M,4102908
Sara,Arboles000,54,M,3191569
Jorge,Arboles000,38,M,3097178
Sara,Admin123,34,M,4289176
Sara,Admin123,26,H,4647806
Juan,Arboles000,45,M,4799318
Juan,Admin123,35,M,1959630
Jorge,Arboles000,43,M,3632860
Andrés,Admin123,38,H,2871043
Jorge,Arboles000,39,H,3442646
Juan,Arboles000,32,M,3467378
Jorge,Arboles000,50,H,3600974
Sara,Admin123,52,H,3158130
Jorge,Arboles000,40,M,1269442
Sara,Admin123,37,M,4153211
Andrés,Arboles000,47,M,4028544
Jorge,Arboles000,48,H,2699578
Andrés,Admin123,19,H,3997479
Juan,Arboles000,24,H,2424971
Sara,Admin123,56,H,4153770
Juan,Admin123,29,H,2059927
Andrés,Admin123,41,M,1381788
Sara,Arboles000,26,M,2150721
Andrés,Arboles000,35,H,1698858
Juan,Admin123,51,H,2917657
Sara,Arboles000,58,M,3599306
Andrés,Arboles000,33,H,2445716
Juan,Arboles000,24,M,3079984
Sara,Arboles000,59,H,4055444
Andrés,Arboles000,36,H,4339167
Andrés,Arboles000,19,H,2883718
Jorge,Arboles000,26,M,3634520
Andrés,Arboles000,25,M,2729547
Sara,Arboles000,27,M,1635203
Sara,Admin123,22,H,1242115
Sara,Admin123,23,H,4614290
Sara,Arboles000,53,M,4641471
Sara,Admin123,40,H,1192397
Jorge,Arboles000,39,M,2567320
Juan,Arboles000,41,M,2740658
Sara,Arboles000,28,H,2168965
Jorge,Admin123,23,M,3780387
Jorge,Arboles000,26,H,1961870
Andrés,Admin123,61,M,4128897
Juan,Arboles000,48,H,2863694
Sara,Admin123,21,H,4432037
Juan,Admin123,58,M,3348179
Juan,Admin123,21,H,1777357
Jorge,Admin123,42,H,3793687
Jorge,Arboles000,32,M,1999645
Andrés,Arboles000,27,H,2737835
Sara,Arboles000,31,M,2182283
Sara,Arboles000,57,H,3490678
Jorge,Arboles000,48,M,1326321
Sara,Admin123,29,H,2170010
Andrés,Arboles000,35,H,1812865
Jorge,Admin123,52,H,4796060
Juan,Arboles000,22,H,3832304
Andrés,Admin123,45,H,3273614
Jorge,Arboles000,22,M,4764622
Andrés,Admin123,51,M,2922225
Jorge,Admin123,55,H,4231986
Sara,Admin123,49,M,4298991
Sara,Arboles000,22,H,1317110
Jorge,Admin123,29,H,4117777
Jorge,Arboles000,58,H,2417768
Jorge,Admin123,18,M,2269683
Juan,Admin123,21,H,1489735
Juan,Admin123,21,H,4270082
Juan,Admin123,61,H,3927298
Juan,Arboles000,54,H,4656747
Sara,Admin123,23,H,4497879
Jorge,Admin123,45,H,3337589
Jorge,Arboles000,39,M,3269254
Juan,Admin123,52,M,3952155
Andrés,Arboles000,28,M,3785894
Juan,Admin123,48,M,3228524
Juan,Arboles000,58,H,1565343
Jorge,Arboles000,58,H,1510453
Jorge,Admin123,36,M,3720974
Sara,Admin123,23,M,2815659
Sara,Admin123,49,H,1995584
Jorge,Admin123,55,H,3191427
Andrés,Admin123,61,H,4607774
Andrés,Arboles000,22,M,2642224
Andrés,Arboles000,58,M,4940672
Andrés,Admin123,46,M,4044827
Juan,Admin123,38,H,1603362
Juan,Arboles000,21,M,1874209
Sara,Arboles000,50,M,4863063
Sara,Admin123,43,H,2827500
Sara,Admin123,52,M,3828798
Jorge,Arboles000,47,M,4726795
Jorge,Admin123,50,H,4373181
Sara,Admin123,53,H,3127379
Juan,Admin123,54,M,3313107
Juan,Arboles000,36,M,3098520
Juan,Admin123,19,H,4035117
Juan,Admin123,29,H,3625561
Andrés,Arboles000,21,M,4503012
Sara,Arboles000,57,H,4159245
Juan,Admin123,27,H,3686018
Juan,Admin123,45,M,1699413
Andrés,Admin123,45,M,1428674
Juan,Arboles000,58,H,3579774
Jorge,Admin123,46,H,3842054
Jorge,Arboles000,31,M,3992229
Sara,Admin123,53,M,4572872
Sara,Admin123,57,M,1411759
Andrés,Admin123,20,H,3688244
Jorge,Arboles000,61,H,1501205
Sara,Admin123,61,H,3573211
Juan,Arboles000,35,H,2414341
Jorge,Arboles000,20,M,2720126
Sara,Arboles000,25,H,4329574
Jorge,Admin123,47,M,1254792
Andrés,Arboles000,21,H,1653783
Jorge,Admin123,38,H,4546388
Jorge,Arboles000,48,H,1807018
Sara,Arboles000,22,H,2419352
Jorge,Admin123,18,M,3788878
Jorge,Arboles000,43,H,3346015
Juan,Arboles000,32,H,3063908
Jorge,Arboles000,31,H,1506278
Sara,Admin123,44,H,4684586
Juan,Admin123,46,M,3968950
Juan,Arboles000,34,M,2010932
Juan,Arboles000,23,H,4455096
Jorge,Arboles000,62,H,4889868
Andrés,Arboles000,41,H,3682820
Andrés,Admin123,51,H,2512488
Jorge,Arboles000,34,M,1772457
Juan,Admin123,34,M,4101544
Jorge,Admin123,47,H,3780362
Sara,Admin123,19,H,3428135
Sara,Arboles000,40,M,4461160
Andrés,Arboles000,20,M,2095763
Sara,Arboles000,43,H,4410091
Jorge,Arboles000,34,M,3853934
Juan,Arboles000,54,M,1560200
Juan,Arboles000,53,M,4533459
Andrés,Arboles000,19,M,2574430
Sara,Admin123,24,M,4635017
Sara,Arboles000,25,M,1199542
Sara,Arboles000,20,H,4294472
Sara,Admin123,53,M,3796800
